basket_name,canonical_product_id,quantity,notes
canasta_basica,ean:07441000724269,1,Arroz Luisiana 99.5 grano entero 1800 g
canasta_basica,ean:07441006005577,1,Frijol negro Tío Pelón 800 g
canasta_basica,ean:07441001601071,2,Leche entera Dos Pinos UAT 1000 ml
canasta_basica,ean:07441042600002,1,Azúcar Zukra crudo 2 kg
canasta_basica,ean:00645860018408,1,Café Britt Altozano molido 300 g
canasta_basica,ean:07410031392907,2,Atún Calvo lomo en trozos en aceite 142 g
canasta_basica,ean:00731701002115,2,Pasta Lengua Roma 500 g
canasta_basica,ean:07441000723958,1,Harina Maseca de maíz cascado 850 g
canasta_basica,ean:07441057265838,1,Papel higiénico Nevax Extramás 6 rollos
canasta_basica,ean:07500435138819,1,Detergente en polvo Ariel 1.5 kg
canasta_basica,ean:07509546653532,1,Pasta dental Colgate Total 75 ml
canasta_basica,ean:00735051001583,1,Salsa de tomate Banquete 700 g
canasta_basica,ean:00751963130005,1,Margarina Numar Light 452 g
